{
    "tile_size": 48,
    "files": ["Outside_A1.png", "Outside_A2.png", "Outside_A3.png"],
    "tiles": [
        {"file":"Outside_A1.png", "type":"field", "hitbox":1, "frames":[[0, 0], [2, 0], [4, 0]]},
        {"file":"Outside_A1.png", "type":"field", "hitbox":1, "frames":[[6, 0]]},
        {"file":"Outside_A1.png", "type":"field", "hitbox":1, "frames":[[8, 0], [10, 0], [12, 0]]},
        {"file":"Outside_A1.png", "type":"fall", "hitbox":1, "frames":[[14, 0], [14, 1], [14, 2]]},
        {"file":"Outside_A1.png", "type":"field", "hitbox":1, "frames":[[0, 3], [2, 3], [4, 3]]},
        {"file":"Outside_A1.png", "type":"field", "hitbox":1, "frames":[[6, 3]]},
        {"file":"Outside_A1.png", "type":"field", "hitbox":1, "frames":[[8, 3], [10, 3], [12, 3]]},
        {"file":"Outside_A1.png", "type":"fall", "hitbox":1, "frames":[[14, 3], [14, 4], [14, 5]]},
        {"file":"Outside_A1.png", "type":"field", "hitbox":1, "frames":[[0, 6], [2, 6], [4, 6]]},
        {"file":"Outside_A1.png", "type":"fall", "hitbox":1, "frames":[[6, 6], [6, 7], [6, 8]]},
        {"file":"Outside_A1.png", "type":"field", "hitbox":1, "frames":[[8, 6], [10, 6], [12, 6]]},
        {"file":"Outside_A1.png", "type":"fall", "hitbox":1, "frames":[[14, 6], [14, 7], [14, 8]]},
        {"file":"Outside_A1.png", "type":"field", "hitbox":1, "frames":[[0, 9], [2, 9], [4, 9]]},
        {"file":"Outside_A1.png", "type":"fall", "hitbox":1, "frames":[[6, 9], [6, 10], [6, 11]]},
        {"file":"Outside_A1.png", "type":"field", "hitbox":1, "frames":[[8, 9], [10, 9], [12, 9]]},
        {"file":"Outside_A1.png", "type":"fall", "hitbox":1, "frames":[[14, 9], [14, 10], [14, 11]]},
        {"file":"Outside_A2.png", "type":"field", "hitbox":0, "frames":[[0, 0]]},
        {"file":"Outside_A2.png", "type":"field", "hitbox":0, "frames":[[2, 0]]},
        {"file":"Outside_A2.png", "type":"field", "hitbox":0, "frames":[[4, 0]]},
        {"file":"Outside_A2.png", "type":"field", "hitbox":1, "frames":[[6, 0]]},
        {"file":"Outside_A2.png", "type":"field", "hitbox":0, "frames":[[8, 0]]},
        {"file":"Outside_A2.png", "type":"field", "hitbox":1, "frames":[[10, 0]]},
        {"file":"Outside_A2.png", "type":"field", "hitbox":1, "frames":[[12, 0]]},
        {"file":"Outside_A2.png", "type":"field", "hitbox":0, "frames":[[14, 0]]},
        {"file":"Outside_A2.png", "type":"field", "hitbox":0, "frames":[[0, 3]]},
        {"file":"Outside_A2.png", "type":"field", "hitbox":0, "frames":[[2, 3]]},
        {"file":"Outside_A2.png", "type":"field", "hitbox":0, "frames":[[4, 3]]},
        {"file":"Outside_A2.png", "type":"field", "hitbox":0, "frames":[[6, 3]]},
        {"file":"Outside_A2.png", "type":"field", "hitbox":0, "frames":[[8, 3]]},
        {"file":"Outside_A2.png", "type":"field", "hitbox":1, "frames":[[10, 3]]},
        {"file":"Outside_A2.png", "type":"field", "hitbox":1, "frames":[[12, 3]]},
        {"file":"Outside_A2.png", "type":"field", "hitbox":0, "frames":[[14, 3]]},
        {"file":"Outside_A2.png", "type":"field", "hitbox":0, "frames":[[0, 6]]},
        {"file":"Outside_A2.png", "type":"field", "hitbox":0, "frames":[[2, 6]]},
        {"file":"Outside_A2.png", "type":"field", "hitbox":0, "frames":[[4, 6]]},
        {"file":"Outside_A2.png", "type":"field", "hitbox":0, "frames":[[6, 6]]},
        {"file":"Outside_A2.png", "type":"field", "hitbox":0, "frames":[[8, 6]]},
        {"file":"Outside_A2.png", "type":"field", "hitbox":1, "frames":[[10, 6]]},
        {"file":"Outside_A2.png", "type":"field", "hitbox":1, "frames":[[12, 6]]},
        {"file":"Outside_A2.png", "type":"field", "hitbox":0, "frames":[[14, 6]]},
        {"file":"Outside_A2.png", "type":"field", "hitbox":0, "frames":[[0, 9]]},
        {"file":"Outside_A2.png", "type":"field", "hitbox":0, "frames":[[2, 9]]},
        {"file":"Outside_A2.png", "type":"field", "hitbox":0, "frames":[[4, 9]]},
        {"file":"Outside_A2.png", "type":"field", "hitbox":0, "frames":[[6, 9]]},
        {"file":"Outside_A2.png", "type":"field", "hitbox":0, "frames":[[8, 9]]},
        {"file":"Outside_A2.png", "type":"field", "hitbox":1, "frames":[[10, 9]]},
        {"file":"Outside_A2.png", "type":"field", "hitbox":1, "frames":[[12, 9]]},
        {"file":"Outside_A2.png", "type":"field", "hitbox":1, "frames":[[14, 9]]},
        {"file":"Outside_A3.png", "type":"wall", "hitbox":1, "frames":[[0, 0]]},
        {"file":"Outside_A3.png", "type":"wall", "hitbox":1, "frames":[[2, 0]]},
        {"file":"Outside_A3.png", "type":"wall", "hitbox":1, "frames":[[4, 0]]},
        {"file":"Outside_A3.png", "type":"wall", "hitbox":1, "frames":[[6, 0]]},
        {"file":"Outside_A3.png", "type":"wall", "hitbox":1, "frames":[[8, 0]]},
        {"file":"Outside_A3.png", "type":"wall", "hitbox":1, "frames":[[10, 0]]},
        {"file":"Outside_A3.png", "type":"wall", "hitbox":1, "frames":[[12, 0]]},
        {"file":"Outside_A3.png", "type":"wall", "hitbox":1, "frames":[[14, 0]]},
        {"file":"Outside_A3.png", "type":"wall", "hitbox":1, "frames":[[0, 2]]},
        {"file":"Outside_A3.png", "type":"wall", "hitbox":1, "frames":[[2, 2]]},
        {"file":"Outside_A3.png", "type":"wall", "hitbox":1, "frames":[[4, 2]]},
        {"file":"Outside_A3.png", "type":"wall", "hitbox":1, "frames":[[6, 2]]},
        {"file":"Outside_A3.png", "type":"wall", "hitbox":1, "frames":[[8, 2]]},
        {"file":"Outside_A3.png", "type":"wall", "hitbox":1, "frames":[[10, 2]]},
        {"file":"Outside_A3.png", "type":"wall", "hitbox":1, "frames":[[12, 2]]},
        {"file":"Outside_A3.png", "type":"wall", "hitbox":1, "frames":[[14, 2]]}
    ]
}