{
    "Position": {
        "x": 0,
        "y": 0
    },
    "Velocity": {
        "x": 0,
        "y": 0
    },
    "Mass": {
        "value": 60.0
    },
    "XDirection": {
        "value": 1.0
    },
    "Jump": {
        "strength": 3e5,
        "duration": 0.1
    },
    "Hitbox": {
        "x": 0,
        "y": 0,
        "width": 48,
        "height": 96
    },
    "Walk": {},
    "WallSticking": {
        "duration": 0.2
    },
    "EntityCollisions": {"entities": []},
    "MapCollisions": {},
    "PlayerControlled": {},
    "State": {},
    "Properties": {}
}