{
    "size": [21, 17],
    "bgm": "",
    "bgs": "",
    "tileset": "Outside",
    "tiles": [
        [-1, -1, -1, -1, -1, -1, -1, -1, -1, -1, -1, -1, -1, -1, -1, -1, -1, 19, -1, -1, -1],
        [-1, -1, -1, -1, -1, -1, -1, -1, -1, -1, -1, -1, -1, -1, -1, -1, -1, 19, -1, -1, -1],
        [-1, -1, -1, -1, -1, -1, -1, -1, -1, -1, -1, -1, -1, -1, -1, -1, -1, 19, -1, -1, -1],
        [-1, -1, -1, -1, -1, -1, -1, -1, -1, -1, -1, -1, -1, -1, -1, -1, -1, 19, -1, -1, -1],
        [-1, -1, -1, -1, -1, -1, -1, -1, -1, -1, -1, -1, -1, 19, 19, -1, -1, 19, -1, -1, -1],
        [-1, -1, -1, -1, -1, -1, -1, -1, -1, -1, -1, -1, -1, -1, 19, -1, -1, 19, -1, -1, -1],
        [-1, -1, -1, -1, -1, -1, -1, -1, -1, -1, -1, -1, -1, -1, 19, -1, -1, 19, -1, -1, -1],
        [-1, -1, -1, -1, -1, 19, 19, 19, 19, -1, -1, -1, -1, -1, 19, -1, -1, 19, -1, -1, -1],
        [-1, -1, -1, -1, -1, -1, -1, -1, -1, -1, -1, -1, -1, -1, 19, -1, -1, 19, -1, -1, -1],
        [19, 19, 19, -1, -1, -1, -1, -1, -1, -1, -1, -1, -1, -1, 19, -1, -1, 19, -1, -1, -1],
        [19, 19, 19, -1, -1, -1, -1, -1, -1, -1, -1, -1, -1, -1, 19, -1, -1, 19, -1, -1, -1],
        [19, 19, 19, -1, -1, -1, -1, -1, -1, -1, -1, -1, -1, -1, 19, -1, -1, 19, -1, -1, -1],
        [19, 19, 19, -1, 19, 19, -1, -1, 19, 19, 19, -1, -1, -1, -1, -1, -1, 19, -1, -1, -1],
        [19, 19, 19, -1, -1, -1, -1, -1, -1, -1, -1, -1, -1, -1, -1, -1, -1, 19, -1, -1, -1],
        [19, 19, 19, -1, -1, -1, -1, -1, -1, -1, -1, -1, -1, -1, -1, -1, -1, 19, -1, -1, -1],
        [19, 19, 19, -1, -1, -1, -1, -1, -1, -1, -1, -1, 19, 19, 19, 19, 19, 19, -1, -1, -1],
        [19, 19, 19, -1, -1, -1,  0,  0,  0, -1, -1, -1, 19, 19, 19, 19, 19, 19, -1, -1, -1]
    ]
}